customer_id,customer_name,phone,email,gender,city,join_date
1,Riya Koley,9523938499,customer1@mail.com,Male,Howrah,2026-07-03
2,Rahul Dutta,9725763863,customer2@mail.com,Male,New Town,2025-02-08
3,Rahul Sen,9549008934,customer3@mail.com,Male,New Town,2025-04-03
4,Rohit Sen,9163469421,customer4@mail.com,Male,New Town,2025-03-05
5,Sneha Mondal,9525932421,customer5@mail.com,Male,New Town,2025-02-17
6,Rohit Koley,9410965605,customer6@mail.com,Female,Salt Lake,2026-07-08
7,Rahul Mondal,9431229838,customer7@mail.com,Male,Howrah,2025-07-12
8,Riya Roy,9688136138,customer8@mail.com,Male,Kolkata,2025-07-30
9,Sayan Banerjee,9559123743,customer9@mail.com,Female,Behala,2026-04-10
10,Riya Paul,9366746013,customer10@mail.com,Male,New Town,2025-03-25
11,Sneha Paul,9663925448,customer11@mail.com,Female,Barasat,2026-04-05
12,Priya Mondal,9178598835,customer12@mail.com,Male,Bally,2025-06-18
13,Neha Dutta,9263192149,customer13@mail.com,Female,Bally,2025-02-10
14,Debasish Roy,9920951719,customer14@mail.com,Female,Barasat,2025-12-25
15,Sneha Mitra,9722657734,customer15@mail.com,Female,Howrah,2025-04-06
16,Priya Mitra,9848443217,customer16@mail.com,Male,Kolkata,2025-11-14
17,Debasish Mondal,9831472844,customer17@mail.com,Female,Dum Dum,2026-01-31
18,Abhishek Dutta,9124226753,customer18@mail.com,Female,Barasat,2025-06-22
19,Sneha Roy,9630098818,customer19@mail.com,Male,New Town,2025-10-22
20,Sourav Ghosh,9527239380,customer20@mail.com,Female,Behala,2025-03-24
21,Sourav Mitra,9531262237,customer21@mail.com,Female,Salt Lake,2026-03-17
22,Puja Banerjee,9398952339,customer22@mail.com,Female,Barasat,2026-01-25
23,Ananya Koley,9189104138,customer23@mail.com,Male,Salt Lake,2025-08-26
24,Debasish Ghosh,9112952615,customer24@mail.com,Female,Salt Lake,2025-09-27
25,Priya Das,9256418835,customer25@mail.com,Female,Barasat,2026-08-03
26,Riya Koley,9841411915,customer26@mail.com,Male,Behala,2026-07-27
27,Amit Sen,9528400257,customer27@mail.com,Female,Howrah,2026-05-09
28,Debasish Sen,9166838090,customer28@mail.com,Male,Howrah,2025-08-02
29,Sayan Koley,9218034622,customer29@mail.com,Female,Kolkata,2025-04-15
30,Arjun Mondal,9262419487,customer30@mail.com,Male,Barasat,2025-01-27
31,Rahul Ghosh,9759351559,customer31@mail.com,Female,Salt Lake,2025-09-16
32,Riya Mondal,9491017514,customer32@mail.com,Female,Howrah,2025-04-29
33,Puja Mitra,9600352373,customer33@mail.com,Female,Behala,2025-11-16
34,Rahul Koley,9209723116,customer34@mail.com,Female,Dum Dum,2026-05-06
35,Puja Koley,9654409968,customer35@mail.com,Male,New Town,2026-06-25
36,Riya Koley,9840954425,customer36@mail.com,Male,Dum Dum,2025-04-04
37,Soham Paul,9656624390,customer37@mail.com,Female,Salt Lake,2025-12-31
38,Neha Ghosh,9671866729,customer38@mail.com,Female,New Town,2025-07-19
39,Neha Ghosh,9978678309,customer39@mail.com,Female,New Town,2025-07-24
40,Rohit Mitra,9481782371,customer40@mail.com,Male,Kolkata,2025-10-14
41,Sayan Paul,9307924673,customer41@mail.com,Female,Behala,2025-12-24
42,Riya Roy,9336719616,customer42@mail.com,Male,New Town,2026-04-27
43,Ananya Dutta,9319444228,customer43@mail.com,Female,Kolkata,2026-05-06
44,Abhishek Dutta,9958610934,customer44@mail.com,Male,Howrah,2026-02-02
45,Neha Ghosh,9613283748,customer45@mail.com,Male,Bally,2025-12-07
46,Rahul Sen,9597314843,customer46@mail.com,Female,Howrah,2025-06-12
47,Sourav Koley,9129580354,customer47@mail.com,Male,Behala,2025-05-30
48,Sneha Mondal,9609336875,customer48@mail.com,Female,Salt Lake,2026-07-16
49,Rohit Koley,9122974508,customer49@mail.com,Male,Howrah,2026-06-24
50,Soham Koley,9565799330,customer50@mail.com,Male,New Town,2025-01-29
51,Priya Ghosh,9414570548,customer51@mail.com,Male,Barasat,2025-09-23
52,Rohit Sen,9995710061,customer52@mail.com,Male,Kolkata,2025-12-29
53,Abhishek Mitra,9811326932,customer53@mail.com,Female,Salt Lake,2026-06-29
54,Sourav Banerjee,9648195686,customer54@mail.com,Male,Behala,2025-07-07
55,Sneha Das,9933265493,customer55@mail.com,Male,Salt Lake,2025-05-25
56,Sayan Mondal,9878670347,customer56@mail.com,Male,Kolkata,2025-11-30
57,Debasish Banerjee,9669863085,customer57@mail.com,Female,Howrah,2026-07-28
58,Arjun Ghosh,9305413398,customer58@mail.com,Female,Kolkata,2025-04-11
59,Rohit Mitra,9703152336,customer59@mail.com,Male,Howrah,2026-03-30
60,Riya Mondal,9642833537,customer60@mail.com,Male,Dum Dum,2026-04-09
61,Rohit Banerjee,9966898501,customer61@mail.com,Female,New Town,2026-06-20
62,Abhishek Paul,9700773368,customer62@mail.com,Male,Behala,2025-05-21
63,Amit Roy,9521298041,customer63@mail.com,Female,Barasat,2025-03-16
64,Debasish Ghosh,9559925153,customer64@mail.com,Male,New Town,2025-11-07
65,Neha Roy,9934225020,customer65@mail.com,Male,Barasat,2025-05-27
66,Priya Koley,9602227527,customer66@mail.com,Male,Howrah,2026-02-12
67,Abhishek Mitra,9274799977,customer67@mail.com,Male,Salt Lake,2026-03-18
68,Rohit Sen,9464123187,customer68@mail.com,Female,New Town,2026-01-01
69,Riya Roy,9875403552,customer69@mail.com,Female,Kolkata,2025-12-13
70,Rohit Mitra,9572938280,customer70@mail.com,Male,Bally,2025-12-06
71,Rohit Mondal,9417241432,customer71@mail.com,Male,Howrah,2025-08-23
72,Abhishek Roy,9190260096,customer72@mail.com,Female,Dum Dum,2025-02-10
73,Abhishek Koley,9390389284,customer73@mail.com,Male,Bally,2025-09-22
74,Amit Koley,9676168666,customer74@mail.com,Female,Barasat,2025-04-02
75,Priya Das,9958550599,customer75@mail.com,Male,Bally,2025-03-16
76,Priya Das,9781224235,customer76@mail.com,Male,Dum Dum,2025-03-27
77,Sneha Ghosh,9171535405,customer77@mail.com,Female,Howrah,2026-04-10
78,Arjun Dutta,9693848076,customer78@mail.com,Female,Dum Dum,2025-05-13
79,Arjun Banerjee,9861859251,customer79@mail.com,Male,Howrah,2025-06-15
80,Priya Das,9294504003,customer80@mail.com,Male,Dum Dum,2025-11-09
81,Rohit Ghosh,9411343078,customer81@mail.com,Female,Salt Lake,2025-10-05
82,Riya Das,9368917310,customer82@mail.com,Male,Kolkata,2025-01-19
83,Soham Banerjee,9691684493,customer83@mail.com,Male,Behala,2025-09-09
84,Abhishek Mitra,9214118726,customer84@mail.com,Female,Behala,2026-07-14
85,Puja Sen,9644049901,customer85@mail.com,Female,New Town,2025-08-24
86,Riya Ghosh,9993660865,customer86@mail.com,Male,Bally,2025-12-22
87,Arjun Koley,9115306329,customer87@mail.com,Male,Dum Dum,2026-03-18
88,Sourav Das,9190714937,customer88@mail.com,Female,Dum Dum,2025-09-06
89,Soham Paul,9148573390,customer89@mail.com,Female,Salt Lake,2025-06-11
90,Priya Mitra,9103889856,customer90@mail.com,Female,Barasat,2025-12-03
91,Rohit Dutta,9362472429,customer91@mail.com,Male,Dum Dum,2025-08-12
92,Riya Koley,9101147738,customer92@mail.com,Female,Bally,2025-03-27
93,Sayan Paul,9639838738,customer93@mail.com,Male,New Town,2026-06-01
94,Neha Das,9197551269,customer94@mail.com,Female,Howrah,2025-05-28
95,Amit Mondal,9144739552,customer95@mail.com,Female,Kolkata,2025-11-03
96,Priya Ghosh,9190712619,customer96@mail.com,Male,Bally,2025-11-30
97,Soham Mitra,9260484838,customer97@mail.com,Female,Salt Lake,2025-02-14
98,Puja Banerjee,9773592740,customer98@mail.com,Female,Salt Lake,2026-06-21
99,Neha Banerjee,9710400208,customer99@mail.com,Male,New Town,2025-03-29
100,Arjun Das,9242907728,customer100@mail.com,Female,Howrah,2026-01-21
101,Puja Mitra,9699714064,customer101@mail.com,Male,Kolkata,2026-06-29
102,Debasish Ghosh,9625375771,customer102@mail.com,Female,Kolkata,2026-04-13
103,Neha Roy,9903443818,customer103@mail.com,Male,Howrah,2026-05-01
104,Priya Roy,9385140975,customer104@mail.com,Male,New Town,2025-08-25
105,Soham Mitra,9630373463,customer105@mail.com,Female,Howrah,2026-05-06
106,Abhishek Paul,9923527883,customer106@mail.com,Male,New Town,2025-03-21
107,Sneha Koley,9456238486,customer107@mail.com,Female,Dum Dum,2025-05-17
108,Arjun Mitra,9165134264,customer108@mail.com,Female,Dum Dum,2025-04-12
109,Soham Ghosh,9825535575,customer109@mail.com,Female,Dum Dum,2026-06-13
110,Priya Mitra,9600253746,customer110@mail.com,Female,Howrah,2026-07-17
111,Ananya Paul,9192185305,customer111@mail.com,Female,Kolkata,2025-10-24
112,Sayan Roy,9980358440,customer112@mail.com,Female,Dum Dum,2026-02-01
113,Ananya Ghosh,9180114953,customer113@mail.com,Male,Salt Lake,2026-06-21
114,Priya Dutta,9242383608,customer114@mail.com,Female,Howrah,2026-01-09
115,Ananya Mitra,9621989554,customer115@mail.com,Female,Kolkata,2025-06-12
116,Arjun Mitra,9831849666,customer116@mail.com,Female,Bally,2025-11-06
117,Soham Koley,9546871154,customer117@mail.com,Female,Bally,2025-11-20
118,Rahul Dutta,9101869793,customer118@mail.com,Female,Barasat,2026-02-12
119,Rahul Ghosh,9865603224,customer119@mail.com,Male,Dum Dum,2025-09-17
120,Riya Roy,9521872496,customer120@mail.com,Female,Howrah,2026-01-05
121,Abhishek Sen,9911379878,customer121@mail.com,Female,Kolkata,2025-10-15
122,Rahul Das,9996226520,customer122@mail.com,Female,Salt Lake,2025-09-13
123,Priya Sen,9648642331,customer123@mail.com,Female,New Town,2026-01-18
124,Neha Sen,9131150658,customer124@mail.com,Female,New Town,2025-03-24
125,Arjun Sen,9584107688,customer125@mail.com,Male,Dum Dum,2026-05-13
126,Arjun Banerjee,9236699491,customer126@mail.com,Male,Behala,2026-03-01
127,Riya Paul,9419730111,customer127@mail.com,Female,Dum Dum,2026-02-20
128,Debasish Ghosh,9423020508,customer128@mail.com,Female,Bally,2025-05-03
129,Sourav Koley,9180713812,customer129@mail.com,Male,Behala,2026-07-18
130,Ananya Mitra,9457378061,customer130@mail.com,Female,Bally,2025-05-23
131,Rohit Ghosh,9362084953,customer131@mail.com,Male,Salt Lake,2025-12-17
132,Rohit Roy,9442832606,customer132@mail.com,Male,Barasat,2025-09-22
133,Neha Mondal,9317048149,customer133@mail.com,Male,Bally,2026-01-28
134,Amit Banerjee,9325491082,customer134@mail.com,Female,Dum Dum,2025-12-13
135,Neha Das,9634880087,customer135@mail.com,Female,Barasat,2025-05-09
136,Debasish Banerjee,9668251762,customer136@mail.com,Male,Howrah,2025-10-05
137,Abhishek Ghosh,9512918974,customer137@mail.com,Female,Behala,2026-03-19
138,Priya Das,9236630450,customer138@mail.com,Male,Bally,2026-04-30
139,Sneha Mitra,9100191870,customer139@mail.com,Male,Bally,2026-06-25
140,Puja Mitra,9582056843,customer140@mail.com,Male,Howrah,2025-08-18
141,Sourav Koley,9660885798,customer141@mail.com,Male,Behala,2025-03-29
142,Rohit Das,9101466774,customer142@mail.com,Male,New Town,2025-02-08
143,Debasish Paul,9237403356,customer143@mail.com,Female,Bally,2025-04-25
144,Rahul Roy,9422497587,customer144@mail.com,Male,Bally,2025-09-25
145,Ananya Mondal,9101236980,customer145@mail.com,Male,Dum Dum,2026-04-17
146,Priya Dutta,9792107818,customer146@mail.com,Male,Behala,2026-06-23
147,Ananya Banerjee,9365276922,customer147@mail.com,Male,Bally,2025-11-11
148,Arjun Das,9308429638,customer148@mail.com,Female,Bally,2025-03-25
149,Priya Ghosh,9816567024,customer149@mail.com,Female,Barasat,2025-08-21
150,Sayan Das,9847134030,customer150@mail.com,Female,Bally,2026-01-07
151,Debasish Sen,9312686399,customer151@mail.com,Male,Dum Dum,2026-06-01
152,Rahul Ghosh,9632249109,customer152@mail.com,Male,Dum Dum,2025-07-18
153,Ananya Mitra,9337772408,customer153@mail.com,Female,Dum Dum,2025-04-22
154,Sneha Mitra,9755088072,customer154@mail.com,Male,New Town,2026-05-12
155,Amit Das,9738663965,customer155@mail.com,Male,Bally,2025-02-25
156,Ananya Das,9740086647,customer156@mail.com,Male,Bally,2025-02-23
157,Soham Das,9297681052,customer157@mail.com,Female,Behala,2025-11-18
158,Soham Roy,9185213425,customer158@mail.com,Male,Barasat,2025-07-15
159,Sourav Banerjee,9901342584,customer159@mail.com,Female,Kolkata,2025-11-16
160,Debasish Sen,9501454473,customer160@mail.com,Female,Behala,2025-06-23
161,Rahul Das,9184011724,customer161@mail.com,Female,Howrah,2025-12-26
162,Amit Roy,9702507581,customer162@mail.com,Male,Bally,2026-01-01
163,Neha Paul,9982624349,customer163@mail.com,Female,Howrah,2025-02-20
164,Soham Mitra,9310148272,customer164@mail.com,Female,Behala,2025-07-17
165,Riya Dutta,9891691110,customer165@mail.com,Female,Kolkata,2026-02-25
166,Ananya Sen,9143647055,customer166@mail.com,Female,Kolkata,2026-04-21
167,Rahul Das,9375968782,customer167@mail.com,Male,Howrah,2025-12-14
168,Riya Paul,9459672275,customer168@mail.com,Male,Dum Dum,2025-11-21
169,Abhishek Paul,9419337133,customer169@mail.com,Male,Howrah,2025-01-25
170,Puja Ghosh,9215171016,customer170@mail.com,Female,Behala,2026-01-31
171,Neha Paul,9561642499,customer171@mail.com,Female,Salt Lake,2026-05-24
172,Sourav Das,9961751170,customer172@mail.com,Female,Salt Lake,2025-08-30
173,Riya Dutta,9594760040,customer173@mail.com,Female,Howrah,2026-06-09
174,Ananya Sen,9908404833,customer174@mail.com,Male,New Town,2026-02-22
175,Rahul Das,9617210599,customer175@mail.com,Female,Salt Lake,2026-03-13
176,Abhishek Roy,9177486627,customer176@mail.com,Female,Howrah,2025-08-02
177,Rahul Sen,9635233736,customer177@mail.com,Female,Salt Lake,2025-08-28
178,Sourav Sen,9594913127,customer178@mail.com,Male,Howrah,2025-10-28
179,Priya Paul,9708687287,customer179@mail.com,Female,Barasat,2025-09-18
180,Soham Paul,9313878733,customer180@mail.com,Female,New Town,2025-07-10
181,Ananya Ghosh,9264628456,customer181@mail.com,Female,New Town,2025-12-01
182,Rahul Sen,9370211148,customer182@mail.com,Male,New Town,2025-04-13
183,Debasish Mitra,9139753296,customer183@mail.com,Male,Kolkata,2026-05-02
184,Abhishek Ghosh,9581355402,customer184@mail.com,Female,Kolkata,2025-10-28
185,Ananya Roy,9154107100,customer185@mail.com,Male,New Town,2025-03-18
186,Riya Banerjee,9290867278,customer186@mail.com,Female,Dum Dum,2025-01-07
187,Rahul Mondal,9862041122,customer187@mail.com,Female,New Town,2025-02-08
188,Riya Dutta,9251794331,customer188@mail.com,Male,New Town,2025-09-19
189,Arjun Mondal,9886224304,customer189@mail.com,Male,Kolkata,2025-12-02
190,Amit Dutta,9298798035,customer190@mail.com,Female,Howrah,2025-07-28
191,Arjun Mitra,9688458656,customer191@mail.com,Female,Howrah,2026-02-22
192,Rahul Sen,9812992955,customer192@mail.com,Male,Howrah,2025-06-17
193,Amit Paul,9540007496,customer193@mail.com,Female,Dum Dum,2026-03-04
194,Arjun Paul,9900300113,customer194@mail.com,Female,Bally,2026-03-03
195,Arjun Dutta,9792003208,customer195@mail.com,Male,Bally,2026-02-19
196,Ananya Das,9566180291,customer196@mail.com,Male,Bally,2025-04-27
197,Puja Roy,9536172912,customer197@mail.com,Female,Behala,2025-06-16
198,Sourav Das,9155507515,customer198@mail.com,Male,Bally,2025-04-02
199,Sneha Mondal,9498190306,customer199@mail.com,Male,Salt Lake,2025-12-23
200,Priya Koley,9659590087,customer200@mail.com,Male,Howrah,2025-04-22
201,Amit Mitra,9909124394,customer201@mail.com,Male,Dum Dum,2025-05-10
202,Puja Das,9618334357,customer202@mail.com,Female,Kolkata,2026-02-02
203,Rahul Mondal,9838966909,customer203@mail.com,Male,New Town,2026-02-19
204,Sneha Ghosh,9990333519,customer204@mail.com,Female,Salt Lake,2026-08-02
205,Ananya Das,9529223548,customer205@mail.com,Male,Bally,2026-01-03
206,Rahul Koley,9365277468,customer206@mail.com,Male,Kolkata,2026-07-30
207,Puja Das,9817148325,customer207@mail.com,Female,Howrah,2026-02-04
208,Sneha Mitra,9690613656,customer208@mail.com,Female,Bally,2025-11-12
209,Sneha Ghosh,9557134672,customer209@mail.com,Female,Barasat,2026-04-03
210,Rohit Mitra,9291946300,customer210@mail.com,Male,Kolkata,2026-05-17
211,Sayan Ghosh,9579768106,customer211@mail.com,Female,Salt Lake,2026-04-30
212,Amit Roy,9172070263,customer212@mail.com,Male,Barasat,2026-03-17
213,Riya Roy,9961443743,customer213@mail.com,Female,Kolkata,2025-02-11
214,Debasish Koley,9188305626,customer214@mail.com,Female,Howrah,2025-02-25
215,Neha Banerjee,9505726907,customer215@mail.com,Male,Kolkata,2025-03-09
216,Sneha Roy,9307991633,customer216@mail.com,Male,Behala,2025-10-22
217,Neha Koley,9836730722,customer217@mail.com,Male,Howrah,2025-12-26
218,Sneha Paul,9270475253,customer218@mail.com,Female,Dum Dum,2026-04-13
219,Sourav Paul,9639252395,customer219@mail.com,Female,New Town,2025-09-27
220,Sneha Banerjee,9354905424,customer220@mail.com,Female,Barasat,2025-02-07
221,Ananya Koley,9533217733,customer221@mail.com,Male,Dum Dum,2025-12-02
222,Abhishek Sen,9281185386,customer222@mail.com,Female,Howrah,2026-06-28
223,Arjun Dutta,9586446482,customer223@mail.com,Male,Dum Dum,2026-07-03
224,Debasish Sen,9892338917,customer224@mail.com,Female,Dum Dum,2026-01-20
225,Riya Mondal,9256976160,customer225@mail.com,Female,Barasat,2025-03-25
226,Sayan Ghosh,9289790373,customer226@mail.com,Male,Dum Dum,2026-06-13
227,Priya Paul,9786376406,customer227@mail.com,Female,Kolkata,2025-02-04
228,Ananya Koley,9412428399,customer228@mail.com,Female,Bally,2026-06-09
229,Riya Das,9241758932,customer229@mail.com,Female,New Town,2025-02-16
230,Arjun Das,9102808366,customer230@mail.com,Female,Dum Dum,2025-04-19
231,Rohit Dutta,9673499589,customer231@mail.com,Male,Bally,2025-11-05
232,Sneha Koley,9319241302,customer232@mail.com,Female,Behala,2025-06-12
233,Sourav Das,9960607053,customer233@mail.com,Male,Salt Lake,2026-04-07
234,Rahul Roy,9785272872,customer234@mail.com,Male,Dum Dum,2026-02-16
235,Neha Paul,9112343783,customer235@mail.com,Male,Barasat,2026-03-31
236,Sneha Banerjee,9887613653,customer236@mail.com,Female,New Town,2025-06-19
237,Abhishek Das,9147246775,customer237@mail.com,Male,Kolkata,2026-02-20
238,Sourav Ghosh,9270957548,customer238@mail.com,Male,Howrah,2025-01-13
239,Sneha Banerjee,9805233532,customer239@mail.com,Male,Salt Lake,2026-02-28
240,Ananya Banerjee,9752924112,customer240@mail.com,Female,Salt Lake,2026-06-05
241,Priya Roy,9422408342,customer241@mail.com,Male,Behala,2026-07-06
242,Arjun Sen,9568846644,customer242@mail.com,Female,Howrah,2026-04-09
243,Sourav Ghosh,9213045353,customer243@mail.com,Female,New Town,2025-02-09
244,Rahul Dutta,9904934916,customer244@mail.com,Female,Kolkata,2025-09-30
245,Debasish Banerjee,9829322901,customer245@mail.com,Female,Dum Dum,2025-10-30
246,Debasish Ghosh,9191720218,customer246@mail.com,Male,Salt Lake,2025-09-24
247,Abhishek Ghosh,9898733637,customer247@mail.com,Male,Salt Lake,2025-12-01
248,Ananya Sen,9452781877,customer248@mail.com,Male,Bally,2026-07-04
249,Sayan Mitra,9669747044,customer249@mail.com,Male,Kolkata,2026-03-24
250,Soham Ghosh,9712398422,customer250@mail.com,Female,New Town,2026-02-05
251,Sneha Mondal,9183539632,customer251@mail.com,Male,Salt Lake,2025-02-03
252,Arjun Roy,9214545039,customer252@mail.com,Male,Barasat,2025-05-26
253,Soham Das,9133146266,customer253@mail.com,Male,Salt Lake,2025-02-13
254,Soham Roy,9891117158,customer254@mail.com,Male,Howrah,2026-01-08
255,Ananya Banerjee,9813140084,customer255@mail.com,Male,Bally,2025-04-20
256,Ananya Ghosh,9318141865,customer256@mail.com,Male,Kolkata,2025-02-05
257,Puja Roy,9985901714,customer257@mail.com,Female,Behala,2025-04-13
258,Sourav Roy,9950368404,customer258@mail.com,Male,Dum Dum,2025-11-23
259,Riya Sen,9380418002,customer259@mail.com,Male,Barasat,2025-09-20
260,Abhishek Paul,9151977728,customer260@mail.com,Female,Barasat,2026-05-31
261,Sayan Paul,9763868645,customer261@mail.com,Male,Bally,2025-02-01
262,Amit Banerjee,9930030224,customer262@mail.com,Male,Barasat,2026-04-26
263,Soham Das,9677544838,customer263@mail.com,Male,Howrah,2025-10-22
264,Sourav Sen,9101394852,customer264@mail.com,Male,Dum Dum,2025-02-25
265,Arjun Dutta,9627017180,customer265@mail.com,Male,Behala,2025-07-08
266,Sayan Mondal,9472787779,customer266@mail.com,Female,Salt Lake,2025-10-18
267,Puja Ghosh,9851060018,customer267@mail.com,Male,Behala,2025-06-19
268,Rahul Roy,9626446711,customer268@mail.com,Male,Barasat,2025-12-31
269,Rahul Sen,9523697937,customer269@mail.com,Male,Bally,2025-01-26
270,Riya Ghosh,9425495205,customer270@mail.com,Female,Bally,2026-07-13
271,Rohit Koley,9507275799,customer271@mail.com,Male,Behala,2025-05-10
272,Rohit Mondal,9910112090,customer272@mail.com,Male,Barasat,2025-12-01
273,Rohit Koley,9583513002,customer273@mail.com,Female,Salt Lake,2026-04-20
274,Sayan Paul,9721878805,customer274@mail.com,Male,Salt Lake,2025-12-09
275,Sayan Ghosh,9645142391,customer275@mail.com,Male,Dum Dum,2025-11-05
276,Neha Mondal,9265994401,customer276@mail.com,Male,New Town,2025-12-01
277,Sneha Banerjee,9474340855,customer277@mail.com,Male,New Town,2025-12-02
278,Ananya Paul,9882470350,customer278@mail.com,Male,Salt Lake,2025-04-15
279,Ananya Sen,9262092165,customer279@mail.com,Male,Dum Dum,2025-11-01
280,Amit Paul,9310658411,customer280@mail.com,Male,Howrah,2025-10-15
281,Ananya Sen,9598126398,customer281@mail.com,Male,Kolkata,2026-02-13
282,Puja Sen,9844574832,customer282@mail.com,Male,Dum Dum,2026-04-20
283,Arjun Koley,9376180952,customer283@mail.com,Female,Kolkata,2025-09-06
284,Abhishek Sen,9852866877,customer284@mail.com,Female,New Town,2025-08-23
285,Debasish Koley,9788847066,customer285@mail.com,Male,Behala,2026-03-19
286,Riya Paul,9774607231,customer286@mail.com,Male,Bally,2025-09-06
287,Neha Sen,9865739488,customer287@mail.com,Male,Dum Dum,2026-03-10
288,Sayan Mitra,9121106877,customer288@mail.com,Female,Salt Lake,2025-12-02
289,Neha Das,9517372493,customer289@mail.com,Female,Howrah,2025-02-09
290,Priya Banerjee,9333948467,customer290@mail.com,Male,New Town,2026-06-16
291,Riya Roy,9716929633,customer291@mail.com,Female,New Town,2026-05-03
292,Rohit Das,9786401578,customer292@mail.com,Female,Barasat,2026-02-25
293,Soham Mitra,9325581790,customer293@mail.com,Male,Bally,2026-06-11
294,Neha Roy,9882872121,customer294@mail.com,Female,Kolkata,2025-09-16
295,Priya Sen,9529157617,customer295@mail.com,Male,Kolkata,2025-03-18
296,Amit Sen,9774916286,customer296@mail.com,Female,Dum Dum,2025-04-22
297,Ananya Paul,9896148021,customer297@mail.com,Female,New Town,2026-02-06
298,Sayan Ghosh,9276666339,customer298@mail.com,Male,Howrah,2025-07-17
299,Sayan Banerjee,9873850826,customer299@mail.com,Male,Salt Lake,2025-12-28
300,Debasish Sen,9602619495,customer300@mail.com,Female,Salt Lake,2026-04-26
301,Riya Ghosh,9387144852,customer301@mail.com,Female,Dum Dum,2026-03-13
302,Debasish Koley,9617080760,customer302@mail.com,Male,Dum Dum,2026-01-02
303,Ananya Paul,9443941531,customer303@mail.com,Female,Behala,2026-03-15
304,Sneha Roy,9807879787,customer304@mail.com,Female,Salt Lake,2025-11-07
305,Puja Sen,9161270796,customer305@mail.com,Male,Barasat,2025-05-24
306,Rohit Dutta,9779852864,customer306@mail.com,Male,Kolkata,2025-08-03
307,Rahul Paul,9368463974,customer307@mail.com,Male,Salt Lake,2025-08-28
308,Sourav Mitra,9471991495,customer308@mail.com,Male,New Town,2026-02-17
309,Neha Banerjee,9280294956,customer309@mail.com,Male,Dum Dum,2025-07-22
310,Sayan Ghosh,9669937308,customer310@mail.com,Male,Behala,2025-04-30
311,Rohit Roy,9383998620,customer311@mail.com,Female,New Town,2025-05-23
312,Sayan Mitra,9698292249,customer312@mail.com,Male,Behala,2026-04-24
313,Abhishek Koley,9852071998,customer313@mail.com,Female,New Town,2026-05-26
314,Sourav Banerjee,9743817340,customer314@mail.com,Male,Salt Lake,2025-11-25
315,Sayan Mondal,9634300904,customer315@mail.com,Female,Behala,2026-01-19
316,Amit Sen,9825791969,customer316@mail.com,Male,Salt Lake,2026-01-05
317,Debasish Das,9122075886,customer317@mail.com,Male,Barasat,2025-04-07
318,Rohit Mitra,9620416409,customer318@mail.com,Male,Kolkata,2025-08-07
319,Soham Sen,9771386990,customer319@mail.com,Male,Barasat,2025-04-07
320,Puja Dutta,9466480328,customer320@mail.com,Female,New Town,2025-10-18
321,Amit Dutta,9553536309,customer321@mail.com,Female,Kolkata,2025-10-24
322,Priya Dutta,9988772694,customer322@mail.com,Female,Bally,2025-12-08
323,Rohit Paul,9643768610,customer323@mail.com,Female,New Town,2026-05-20
324,Neha Roy,9455297163,customer324@mail.com,Male,Barasat,2025-11-03
325,Sourav Mondal,9781633740,customer325@mail.com,Male,Kolkata,2026-02-13
326,Soham Banerjee,9535970472,customer326@mail.com,Male,Bally,2025-11-04
327,Rahul Das,9149818055,customer327@mail.com,Male,Behala,2025-03-03
328,Neha Banerjee,9683739552,customer328@mail.com,Female,Salt Lake,2025-03-26
329,Ananya Das,9816188128,customer329@mail.com,Female,Salt Lake,2025-04-14
330,Debasish Koley,9139704444,customer330@mail.com,Female,Howrah,2025-01-14
331,Riya Koley,9944540948,customer331@mail.com,Female,Dum Dum,2025-11-06
332,Sourav Sen,9136765800,customer332@mail.com,Female,Kolkata,2026-03-18
333,Sneha Mondal,9158645454,customer333@mail.com,Female,Kolkata,2025-05-02
334,Neha Sen,9717746574,customer334@mail.com,Female,Behala,2025-03-10
335,Arjun Sen,9737655247,customer335@mail.com,Male,Behala,2026-02-27
336,Rohit Roy,9189039756,customer336@mail.com,Female,New Town,2025-06-05
337,Debasish Das,9558487550,customer337@mail.com,Male,Kolkata,2025-05-05
338,Puja Roy,9334339003,customer338@mail.com,Male,Salt Lake,2026-04-29
339,Arjun Paul,9872397294,customer339@mail.com,Male,Behala,2025-07-11
340,Abhishek Das,9492853874,customer340@mail.com,Male,Howrah,2025-10-28
341,Debasish Banerjee,9861535445,customer341@mail.com,Female,Behala,2025-09-18
342,Abhishek Das,9870098492,customer342@mail.com,Male,Kolkata,2025-03-04
343,Arjun Mondal,9185556364,customer343@mail.com,Female,Dum Dum,2025-11-16
344,Soham Mondal,9278237953,customer344@mail.com,Female,Kolkata,2025-11-20
345,Riya Mondal,9881433310,customer345@mail.com,Female,Behala,2025-06-20
346,Sourav Roy,9490053461,customer346@mail.com,Male,Bally,2026-05-04
347,Amit Mitra,9392037104,customer347@mail.com,Female,Dum Dum,2025-10-14
348,Arjun Mondal,9798949032,customer348@mail.com,Female,Kolkata,2025-06-04
349,Sneha Paul,9727782738,customer349@mail.com,Female,New Town,2026-01-21
350,Amit Sen,9746158584,customer350@mail.com,Male,Behala,2025-10-18
351,Soham Das,9445235791,customer351@mail.com,Female,Dum Dum,2026-03-09
352,Sourav Mondal,9976158480,customer352@mail.com,Male,Dum Dum,2025-05-25
353,Neha Mondal,9257838996,customer353@mail.com,Female,Behala,2025-12-22
354,Rohit Roy,9679800384,customer354@mail.com,Female,Bally,2025-07-25
355,Neha Ghosh,9432291301,customer355@mail.com,Male,Bally,2026-04-22
356,Soham Ghosh,9373519212,customer356@mail.com,Male,Bally,2026-04-16
357,Rohit Roy,9675688772,customer357@mail.com,Female,Howrah,2025-08-27
358,Amit Mondal,9659462022,customer358@mail.com,Female,Barasat,2026-05-04
359,Rohit Mondal,9316755867,customer359@mail.com,Male,New Town,2025-07-16
360,Rahul Koley,9965290890,customer360@mail.com,Female,Barasat,2026-08-01
361,Riya Sen,9937130524,customer361@mail.com,Male,New Town,2025-02-15
362,Abhishek Mitra,9501622832,customer362@mail.com,Male,Barasat,2026-04-20
363,Neha Roy,9267670103,customer363@mail.com,Female,Kolkata,2025-12-20
364,Priya Banerjee,9751908013,customer364@mail.com,Male,Howrah,2025-02-04
365,Ananya Mondal,9622177326,customer365@mail.com,Male,Dum Dum,2025-10-14
366,Amit Roy,9579814156,customer366@mail.com,Male,Dum Dum,2025-02-08
367,Riya Ghosh,9294063154,customer367@mail.com,Female,Howrah,2025-01-29
368,Arjun Das,9698482482,customer368@mail.com,Female,Behala,2026-05-14
369,Puja Roy,9742170818,customer369@mail.com,Female,Howrah,2025-04-03
370,Priya Dutta,9706101684,customer370@mail.com,Male,Howrah,2026-06-03
371,Amit Koley,9581405093,customer371@mail.com,Male,Barasat,2025-08-29
372,Soham Ghosh,9284816723,customer372@mail.com,Male,Dum Dum,2025-12-27
373,Arjun Banerjee,9129834994,customer373@mail.com,Male,Dum Dum,2026-06-10
374,Soham Mitra,9159880236,customer374@mail.com,Male,Salt Lake,2025-11-22
375,Neha Das,9313622745,customer375@mail.com,Female,Behala,2025-04-18
376,Sayan Dutta,9499096967,customer376@mail.com,Female,Bally,2025-05-08
377,Riya Mitra,9507641857,customer377@mail.com,Male,Behala,2025-09-02
378,Neha Koley,9827613303,customer378@mail.com,Male,Behala,2025-07-19
379,Neha Das,9268530403,customer379@mail.com,Male,Howrah,2026-01-18
380,Abhishek Koley,9935709506,customer380@mail.com,Female,Howrah,2026-01-30
381,Puja Das,9774707841,customer381@mail.com,Male,Behala,2025-12-14
382,Riya Ghosh,9612752836,customer382@mail.com,Male,Barasat,2025-05-27
383,Riya Ghosh,9890341463,customer383@mail.com,Male,Salt Lake,2026-04-08
384,Rohit Koley,9571341546,customer384@mail.com,Male,Dum Dum,2026-03-05
385,Amit Ghosh,9267167068,customer385@mail.com,Male,Dum Dum,2025-10-31
386,Riya Koley,9379894583,customer386@mail.com,Female,Howrah,2025-11-22
387,Sayan Mitra,9222587137,customer387@mail.com,Male,Kolkata,2025-08-05
388,Rohit Mitra,9996877533,customer388@mail.com,Female,Howrah,2025-09-21
389,Neha Ghosh,9491142620,customer389@mail.com,Female,Dum Dum,2025-09-02
390,Abhishek Ghosh,9204759463,customer390@mail.com,Female,Dum Dum,2026-03-02
391,Abhishek Koley,9161721221,customer391@mail.com,Female,Salt Lake,2025-01-17
392,Sayan Banerjee,9466044987,customer392@mail.com,Male,Behala,2025-01-02
393,Neha Banerjee,9407513715,customer393@mail.com,Male,Barasat,2026-03-22
394,Arjun Sen,9334360175,customer394@mail.com,Female,Salt Lake,2025-05-22
395,Puja Koley,9660120358,customer395@mail.com,Male,Salt Lake,2025-07-21
396,Sneha Roy,9990100717,customer396@mail.com,Male,Behala,2025-10-08
397,Sourav Ghosh,9247146467,customer397@mail.com,Male,Dum Dum,2025-07-27
398,Arjun Roy,9843290238,customer398@mail.com,Female,Kolkata,2026-06-15
399,Neha Dutta,9459939092,customer399@mail.com,Female,Behala,2025-04-03
400,Arjun Sen,9919244255,customer400@mail.com,Female,Salt Lake,2025-09-30
401,Ananya Koley,9704653657,customer401@mail.com,Female,Kolkata,2025-06-17
402,Soham Dutta,9717315357,customer402@mail.com,Male,Barasat,2026-06-17
403,Abhishek Mitra,9653648588,customer403@mail.com,Male,Howrah,2026-01-01
404,Soham Ghosh,9976748340,customer404@mail.com,Female,Bally,2025-03-04
405,Priya Roy,9884847183,customer405@mail.com,Female,Behala,2026-06-10
406,Arjun Banerjee,9963827604,customer406@mail.com,Male,Kolkata,2025-09-07
407,Rahul Ghosh,9764731106,customer407@mail.com,Male,Salt Lake,2025-04-16
408,Priya Paul,9696313505,customer408@mail.com,Male,Kolkata,2025-04-09
409,Abhishek Ghosh,9380696835,customer409@mail.com,Male,Behala,2026-06-20
410,Ananya Mitra,9210449992,customer410@mail.com,Female,Howrah,2025-07-03
411,Arjun Paul,9232123033,customer411@mail.com,Female,Behala,2026-05-28
412,Neha Paul,9218154554,customer412@mail.com,Male,Howrah,2026-02-20
413,Abhishek Koley,9681536088,customer413@mail.com,Male,New Town,2025-05-31
414,Debasish Mondal,9596127478,customer414@mail.com,Female,Salt Lake,2025-01-19
415,Debasish Sen,9845036422,customer415@mail.com,Female,Kolkata,2026-02-10
416,Arjun Dutta,9463513748,customer416@mail.com,Female,New Town,2025-12-10
417,Soham Sen,9706046246,customer417@mail.com,Female,Bally,2026-07-29
418,Arjun Dutta,9655526638,customer418@mail.com,Male,Barasat,2025-09-13
419,Puja Sen,9812017949,customer419@mail.com,Male,Barasat,2025-04-22
420,Rohit Koley,9174371887,customer420@mail.com,Female,Bally,2025-07-25
421,Rohit Das,9342105641,customer421@mail.com,Male,Bally,2026-02-11
422,Neha Mitra,9779905692,customer422@mail.com,Male,Kolkata,2025-02-05
423,Puja Mondal,9385370508,customer423@mail.com,Female,Kolkata,2025-04-13
424,Priya Roy,9658673243,customer424@mail.com,Male,Bally,2025-08-31
425,Arjun Paul,9221379889,customer425@mail.com,Female,Barasat,2025-06-20
426,Rahul Das,9738113126,customer426@mail.com,Female,Howrah,2026-04-23
427,Sneha Banerjee,9259351162,customer427@mail.com,Female,Howrah,2026-06-08
428,Sourav Paul,9536523328,customer428@mail.com,Female,Dum Dum,2025-09-07
429,Soham Roy,9895002293,customer429@mail.com,Female,Behala,2025-08-15
430,Debasish Sen,9316028117,customer430@mail.com,Female,Behala,2026-07-16
431,Priya Mondal,9613093816,customer431@mail.com,Female,Dum Dum,2025-02-01
432,Ananya Dutta,9337920353,customer432@mail.com,Male,Bally,2026-02-10
433,Arjun Dutta,9274262382,customer433@mail.com,Male,Barasat,2026-07-25
434,Riya Mitra,9389832876,customer434@mail.com,Female,New Town,2025-10-30
435,Arjun Das,9270259676,customer435@mail.com,Male,Barasat,2026-03-27
436,Debasish Das,9655119805,customer436@mail.com,Female,Behala,2025-12-29
437,Soham Roy,9659343486,customer437@mail.com,Male,Salt Lake,2026-03-03
438,Riya Dutta,9250675203,customer438@mail.com,Male,Dum Dum,2026-06-15
439,Rahul Mitra,9388495795,customer439@mail.com,Male,Bally,2025-04-16
440,Arjun Sen,9922139818,customer440@mail.com,Male,Behala,2026-02-12
441,Sneha Koley,9548727590,customer441@mail.com,Female,Howrah,2026-01-24
442,Puja Mitra,9843720192,customer442@mail.com,Female,Dum Dum,2025-12-28
443,Priya Dutta,9519494236,customer443@mail.com,Female,Barasat,2025-01-07
444,Neha Mitra,9508745674,customer444@mail.com,Female,Dum Dum,2025-07-08
445,Rohit Paul,9962163825,customer445@mail.com,Male,Bally,2026-01-22
446,Sneha Ghosh,9194413825,customer446@mail.com,Female,Barasat,2025-09-06
447,Riya Ghosh,9557894264,customer447@mail.com,Male,Kolkata,2025-02-18
448,Priya Mondal,9634011906,customer448@mail.com,Female,Dum Dum,2026-07-06
449,Sneha Sen,9655605472,customer449@mail.com,Female,Bally,2026-04-21
450,Riya Das,9738576294,customer450@mail.com,Female,Behala,2025-01-11
451,Debasish Roy,9663981016,customer451@mail.com,Male,Howrah,2026-02-24
452,Riya Banerjee,9530456310,customer452@mail.com,Male,New Town,2026-03-08
453,Sayan Sen,9572621824,customer453@mail.com,Female,Howrah,2025-06-24
454,Riya Dutta,9493695718,customer454@mail.com,Male,Dum Dum,2026-06-09
455,Sourav Roy,9804295026,customer455@mail.com,Female,Barasat,2026-06-06
456,Abhishek Sen,9777639817,customer456@mail.com,Male,Dum Dum,2026-06-08
457,Ananya Banerjee,9301979612,customer457@mail.com,Female,Salt Lake,2025-03-03
458,Debasish Mondal,9747603381,customer458@mail.com,Male,Barasat,2025-02-13
459,Soham Sen,9111525253,customer459@mail.com,Male,Dum Dum,2026-07-21
460,Arjun Paul,9526883345,customer460@mail.com,Male,Kolkata,2025-01-31
461,Ananya Koley,9634574524,customer461@mail.com,Female,Salt Lake,2025-07-23
462,Amit Mondal,9230461078,customer462@mail.com,Male,Salt Lake,2026-06-15
463,Neha Banerjee,9214510418,customer463@mail.com,Male,Howrah,2025-03-19
464,Sourav Banerjee,9626591622,customer464@mail.com,Female,Bally,2025-03-05
465,Debasish Das,9835045640,customer465@mail.com,Female,Salt Lake,2025-09-01
466,Riya Paul,9281907571,customer466@mail.com,Male,Dum Dum,2025-04-12
467,Puja Mondal,9167669938,customer467@mail.com,Female,New Town,2026-04-06
468,Sneha Sen,9120989875,customer468@mail.com,Male,New Town,2026-02-10
469,Sneha Das,9572061016,customer469@mail.com,Male,New Town,2025-09-13
470,Ananya Das,9271156695,customer470@mail.com,Male,Barasat,2025-01-07
471,Abhishek Mitra,9426070212,customer471@mail.com,Female,Dum Dum,2026-05-23
472,Rahul Ghosh,9827225698,customer472@mail.com,Female,New Town,2026-02-28
473,Priya Sen,9864261711,customer473@mail.com,Female,Kolkata,2025-09-07
474,Rahul Koley,9282454833,customer474@mail.com,Female,Bally,2025-07-11
475,Arjun Paul,9525230624,customer475@mail.com,Female,Howrah,2025-12-10
476,Rohit Sen,9460648771,customer476@mail.com,Female,Howrah,2025-05-07
477,Amit Dutta,9694682258,customer477@mail.com,Male,Bally,2025-07-15
478,Sayan Paul,9469881564,customer478@mail.com,Male,Bally,2025-02-05
479,Priya Das,9466598112,customer479@mail.com,Male,New Town,2025-05-13
480,Rahul Ghosh,9389553448,customer480@mail.com,Male,Behala,2026-04-24
481,Puja Ghosh,9270963324,customer481@mail.com,Female,Barasat,2025-08-10
482,Soham Sen,9504686425,customer482@mail.com,Male,Dum Dum,2026-05-03
483,Rohit Ghosh,9344032518,customer483@mail.com,Female,Salt Lake,2025-09-25
484,Sneha Mitra,9730891768,customer484@mail.com,Female,New Town,2026-02-18
485,Sneha Banerjee,9328215190,customer485@mail.com,Male,Howrah,2026-06-10
486,Rahul Banerjee,9390349587,customer486@mail.com,Female,Kolkata,2025-05-29
487,Priya Das,9518689330,customer487@mail.com,Male,Salt Lake,2025-08-26
488,Riya Ghosh,9811621107,customer488@mail.com,Male,Howrah,2026-07-30
489,Abhishek Dutta,9964555813,customer489@mail.com,Female,New Town,2025-03-09
490,Soham Paul,9194424996,customer490@mail.com,Male,Dum Dum,2025-05-10
491,Puja Sen,9403186103,customer491@mail.com,Female,Bally,2026-04-21
492,Neha Koley,9396912199,customer492@mail.com,Male,Kolkata,2026-01-11
493,Debasish Dutta,9542994378,customer493@mail.com,Male,Behala,2025-09-12
494,Puja Sen,9478079012,customer494@mail.com,Male,Salt Lake,2025-10-26
495,Rahul Paul,9753819400,customer495@mail.com,Male,Kolkata,2026-02-19
496,Arjun Mondal,9273960235,customer496@mail.com,Female,New Town,2025-11-07
497,Sourav Sen,9892768822,customer497@mail.com,Male,Dum Dum,2025-07-03
498,Sneha Ghosh,9712210285,customer498@mail.com,Female,Dum Dum,2026-03-22
499,Debasish Mondal,9474777903,customer499@mail.com,Male,Howrah,2025-10-21
500,Abhishek Das,9728271659,customer500@mail.com,Male,New Town,2025-04-24
